_CurrencyCode|text|HoldingDetail_Id|LocalMarketValue_Id|DataEffectiveDT|DataObjectInstanceVersionKey
NZD||599|1|2014-06-10|62903
USD||600|2|2014-06-10|62903
AUD||601|3|2014-06-10|62903
EUR||602|4|2014-06-10|62903
CAD||603|5|2014-06-10|62903
NOK||604|6|2014-06-10|62903
GBP||618|7|2014-06-10|62903
EUR||620|8|2014-06-10|62903
USD||621|9|2014-06-10|62903
AUD||624|10|2014-06-10|62903
EUR||625|11|2014-06-10|62903
CAD||627|12|2014-06-10|62903
USD||629|13|2014-06-10|62903
USD||630|14|2014-06-10|62903
EUR||631|15|2014-06-10|62903
SEK||632|16|2014-06-10|62903
EUR||633|17|2014-06-10|62903
JPY||634|18|2014-06-10|62903
EUR||635|19|2014-06-10|62903
JPY||637|20|2014-06-10|62903
CAD||639|21|2014-06-10|62903
USD||641|22|2014-06-10|62903
MXN||642|23|2014-06-10|62903
USD||643|24|2014-06-10|62903
EUR||644|25|2014-06-10|62903
USD||646|26|2014-06-10|62903
JPY||647|27|2014-06-10|62903
NZD||648|28|2014-06-10|62903
NOK||649|29|2014-06-10|62903
USD||650|30|2014-06-10|62903
EUR||652|31|2014-06-10|62903
EUR||655|32|2014-06-10|62903
EUR||656|33|2014-06-10|62903
USD||657|34|2014-06-10|62903
USD||658|35|2014-06-10|62903
USD||659|36|2014-06-10|62903
EUR||661|37|2014-06-10|62903
USD||662|38|2014-06-10|62903
USD||663|39|2014-06-10|62903
USD||664|40|2014-06-10|62903
EUR||665|41|2014-06-10|62903
PLN||666|42|2014-06-10|62903
USD||667|43|2014-06-10|62903
USD||668|44|2014-06-10|62903
EUR||669|45|2014-06-10|62903
EUR||670|46|2014-06-10|62903
USD||672|47|2014-06-10|62903
USD||673|48|2014-06-10|62903
USD||674|49|2014-06-10|62903
USD||675|50|2014-06-10|62903
JPY||676|51|2014-06-10|62903
USD||677|52|2014-06-10|62903
USD||678|53|2014-06-10|62903
USD||679|54|2014-06-10|62903
USD||680|55|2014-06-10|62903
EUR||681|56|2014-06-10|62903
USD||682|57|2014-06-10|62903
EUR||683|58|2014-06-10|62903
USD||684|59|2014-06-10|62903
USD||685|60|2014-06-10|62903
USD||686|61|2014-06-10|62903
USD||687|62|2014-06-10|62903
USD||688|63|2014-06-10|62903
USD||689|64|2014-06-10|62903
USD||690|65|2014-06-10|62903
EUR||691|66|2014-06-10|62903
EUR||692|67|2014-06-10|62903
EUR||693|68|2014-06-10|62903
EUR||694|69|2014-06-10|62903
USD||695|70|2014-06-10|62903
USD||696|71|2014-06-10|62903
EUR||697|72|2014-06-10|62903
USD||698|73|2014-06-10|62903
USD||699|74|2014-06-10|62903
EUR||700|75|2014-06-10|62903
USD||701|76|2014-06-10|62903
EUR||702|77|2014-06-10|62903
EUR||703|78|2014-06-10|62903
USD||704|79|2014-06-10|62903
EUR||705|80|2014-06-10|62903
EUR||706|81|2014-06-10|62903
USD||707|82|2014-06-10|62903
USD||708|83|2014-06-10|62903
EUR||709|84|2014-06-10|62903
USD||710|85|2014-06-10|62903
USD||711|86|2014-06-10|62903
USD||712|87|2014-06-10|62903
EUR||713|88|2014-06-10|62903
EUR||714|89|2014-06-10|62903
USD||715|90|2014-06-10|62903
USD||716|91|2014-06-10|62903
USD||718|92|2014-06-10|62903
USD||719|93|2014-06-10|62903
USD||720|94|2014-06-10|62903
USD||721|95|2014-06-10|62903
USD||722|96|2014-06-10|62903
USD||723|97|2014-06-10|62903
USD||724|98|2014-06-10|62903
EUR||725|99|2014-06-10|62903
USD||726|100|2014-06-10|62903
USD||727|101|2014-06-10|62903
USD||728|102|2014-06-10|62903
USD||729|103|2014-06-10|62903
USD||730|104|2014-06-10|62903
USD||731|105|2014-06-10|62903
USD||732|106|2014-06-10|62903
USD||733|107|2014-06-10|62903
USD||734|108|2014-06-10|62903
USD||735|109|2014-06-10|62903
USD||736|110|2014-06-10|62903
USD||737|111|2014-06-10|62903
USD||738|112|2014-06-10|62903
USD||739|113|2014-06-10|62903
USD||740|114|2014-06-10|62903
USD||741|115|2014-06-10|62903
USD||742|116|2014-06-10|62903
USD||743|117|2014-06-10|62903
EUR||745|118|2014-06-10|62903
EUR||746|119|2014-06-10|62903
USD||747|120|2014-06-10|62903
USD||748|121|2014-06-10|62903
MYR||749|122|2014-06-10|62903
USD||750|123|2014-06-10|62903
USD||751|124|2014-06-10|62903
USD||752|125|2014-06-10|62903
USD||754|126|2014-06-10|62903
USD||755|127|2014-06-10|62903
USD||756|128|2014-06-10|62903
USD||757|129|2014-06-10|62903
USD||758|130|2014-06-10|62903
USD||759|131|2014-06-10|62903
USD||760|132|2014-06-10|62903
USD||761|133|2014-06-10|62903
USD||762|134|2014-06-10|62903
USD||763|135|2014-06-10|62903
USD||764|136|2014-06-10|62903
USD||765|137|2014-06-10|62903
USD||766|138|2014-06-10|62903
USD||767|139|2014-06-10|62903
USD||768|140|2014-06-10|62903
USD||769|141|2014-06-10|62903
USD||770|142|2014-06-10|62903
USD||771|143|2014-06-10|62903
USD||772|144|2014-06-10|62903
EUR||773|145|2014-06-10|62903
USD||774|146|2014-06-10|62903
USD||775|147|2014-06-10|62903
USD||776|148|2014-06-10|62903
USD||777|149|2014-06-10|62903
USD||778|150|2014-06-10|62903
USD||779|151|2014-06-10|62903
USD||780|152|2014-06-10|62903
USD||781|153|2014-06-10|62903
USD||782|154|2014-06-10|62903
USD||783|155|2014-06-10|62903
USD||784|156|2014-06-10|62903
USD||785|157|2014-06-10|62903
USD||787|158|2014-06-10|62903
USD||788|159|2014-06-10|62903
USD||789|160|2014-06-10|62903
USD||790|161|2014-06-10|62903
USD||791|162|2014-06-10|62903
EUR||792|163|2014-06-10|62903
ZAR||3461|164|2014-06-10|62903
ZAR||3462|165|2014-06-10|62903
ZAR||3463|166|2014-06-10|62903
ZAR||3464|167|2014-06-10|62903
ZAR||3465|168|2014-06-10|62903
ZAR||3466|169|2014-06-10|62903
ZAR||3467|170|2014-06-10|62903
ZAR||3468|171|2014-06-10|62903
ZAR||3469|172|2014-06-10|62903
ZAR||3470|173|2014-06-10|62903
ZAR||3472|174|2014-06-10|62903
ZAR||3473|175|2014-06-10|62903
ZAR||3474|176|2014-06-10|62903
ZAR||3475|177|2014-06-10|62903
ZAR||3476|178|2014-06-10|62903
JPY||4093|179|2014-06-10|62903
JPY||4094|180|2014-06-10|62903
JPY||4095|181|2014-06-10|62903
JPY||4096|182|2014-06-10|62903
JPY||4097|183|2014-06-10|62903
JPY||4098|184|2014-06-10|62903
USD||4099|185|2014-06-10|62903
USD||4100|186|2014-06-10|62903
JPY||4101|187|2014-06-10|62903
USD||4102|188|2014-06-10|62903
USD||4546|189|2014-06-10|62903
USD||4547|190|2014-06-10|62903
USD||4548|191|2014-06-10|62903
USD||4549|192|2014-06-10|62903
USD||4550|193|2014-06-10|62903
USD||4551|194|2014-06-10|62903
USD||4552|195|2014-06-10|62903
USD||4553|196|2014-06-10|62903
USD||4554|197|2014-06-10|62903
USD||4555|198|2014-06-10|62903
USD||4556|199|2014-06-10|62903
USD||4557|200|2014-06-10|62903
USD||4558|201|2014-06-10|62903
USD||4559|202|2014-06-10|62903
USD||4560|203|2014-06-10|62903
USD||4561|204|2014-06-10|62903
USD||4562|205|2014-06-10|62903
USD||4563|206|2014-06-10|62903
USD||4564|207|2014-06-10|62903
USD||4565|208|2014-06-10|62903
USD||4566|209|2014-06-10|62903
USD||4567|210|2014-06-10|62903
USD||4568|211|2014-06-10|62903
USD||4569|212|2014-06-10|62903
USD||4570|213|2014-06-10|62903
USD||4571|214|2014-06-10|62903
USD||4572|215|2014-06-10|62903
USD||4573|216|2014-06-10|62903
USD||4574|217|2014-06-10|62903
USD||4575|218|2014-06-10|62903
USD||4576|219|2014-06-10|62903
USD||4577|220|2014-06-10|62903
USD||4578|221|2014-06-10|62903
USD||4579|222|2014-06-10|62903
USD||4581|223|2014-06-10|62903
USD||4582|224|2014-06-10|62903
USD||4583|225|2014-06-10|62903
USD||4584|226|2014-06-10|62903
USD||4585|227|2014-06-10|62903
USD||4586|228|2014-06-10|62903
USD||4587|229|2014-06-10|62903
USD||4588|230|2014-06-10|62903
USD||4589|231|2014-06-10|62903
USD||4590|232|2014-06-10|62903
USD||4591|233|2014-06-10|62903
USD||4592|234|2014-06-10|62903
USD||4593|235|2014-06-10|62903
USD||4594|236|2014-06-10|62903
USD||4595|237|2014-06-10|62903
USD||4596|238|2014-06-10|62903
USD||4597|239|2014-06-10|62903
USD||4598|240|2014-06-10|62903
USD||4599|241|2014-06-10|62903
USD||4600|242|2014-06-10|62903
USD||4601|243|2014-06-10|62903
USD||4602|244|2014-06-10|62903
USD||4603|245|2014-06-10|62903
USD||4604|246|2014-06-10|62903
USD||4605|247|2014-06-10|62903
USD||4606|248|2014-06-10|62903
USD||4607|249|2014-06-10|62903
USD||4608|250|2014-06-10|62903
USD||4609|251|2014-06-10|62903
USD||4611|252|2014-06-10|62903
USD||4612|253|2014-06-10|62903
USD||13775|254|2014-06-10|62903
USD||13776|255|2014-06-10|62903
KRW||13850|256|2014-06-10|62903
KRW||13851|257|2014-06-10|62903
KRW||13852|258|2014-06-10|62903
KRW||13854|259|2014-06-10|62903
JPY||14004|260|2014-06-10|62903
USD||14005|261|2014-06-10|62903
USD||14006|262|2014-06-10|62903
USD||14007|263|2014-06-10|62903
JPY||14008|264|2014-06-10|62903
JPY||14009|265|2014-06-10|62903
JPY||14010|266|2014-06-10|62903
JPY||14011|267|2014-06-10|62903
JPY||14012|268|2014-06-10|62903
JPY||14013|269|2014-06-10|62903
JPY||14014|270|2014-06-10|62903
JPY||14015|271|2014-06-10|62903
JPY||14016|272|2014-06-10|62903
JPY||14017|273|2014-06-10|62903
JPY||14018|274|2014-06-10|62903
JPY||14019|275|2014-06-10|62903
JPY||14020|276|2014-06-10|62903
JPY||14021|277|2014-06-10|62903
JPY||14022|278|2014-06-10|62903
JPY||14023|279|2014-06-10|62903
JPY||15809|280|2014-06-10|62903
JPY||15810|281|2014-06-10|62903
JPY||15811|282|2014-06-10|62903
USD||15812|283|2014-06-10|62903
JPY||15813|284|2014-06-10|62903
JPY||15814|285|2014-06-10|62903
USD||15815|286|2014-06-10|62903
JPY||15816|287|2014-06-10|62903
USD||15817|288|2014-06-10|62903
JPY||15819|289|2014-06-10|62903
USD||18753|290|2014-06-10|62903
USD||18754|291|2014-06-10|62903
JPY||19590|292|2014-06-10|62903
JPY||19591|293|2014-06-10|62903
USD||19592|294|2014-06-10|62903
USD||19593|295|2014-06-10|62903
USD||19594|296|2014-06-10|62903
USD||19595|297|2014-06-10|62903
USD||19596|298|2014-06-10|62903
USD||19597|299|2014-06-10|62903
USD||19598|300|2014-06-10|62903
USD||19599|301|2014-06-10|62903
USD||19600|302|2014-06-10|62903
USD||19601|303|2014-06-10|62903
USD||19602|304|2014-06-10|62903
USD||19603|305|2014-06-10|62903
USD||19604|306|2014-06-10|62903
USD||19605|307|2014-06-10|62903
USD||19606|308|2014-06-10|62903
USD||19607|309|2014-06-10|62903
USD||19608|310|2014-06-10|62903
USD||19609|311|2014-06-10|62903
USD||19610|312|2014-06-10|62903
USD||19611|313|2014-06-10|62903
USD||19612|314|2014-06-10|62903
USD||19613|315|2014-06-10|62903
USD||19614|316|2014-06-10|62903
USD||19615|317|2014-06-10|62903
USD||19616|318|2014-06-10|62903
USD||19617|319|2014-06-10|62903
USD||19618|320|2014-06-10|62903
USD||19619|321|2014-06-10|62903
USD||19620|322|2014-06-10|62903
USD||19621|323|2014-06-10|62903
USD||19622|324|2014-06-10|62903
USD||19623|325|2014-06-10|62903
USD||19624|326|2014-06-10|62903
USD||19625|327|2014-06-10|62903
USD||19626|328|2014-06-10|62903
USD||19627|329|2014-06-10|62903
USD||19628|330|2014-06-10|62903
USD||19629|331|2014-06-10|62903
USD||19630|332|2014-06-10|62903
USD||19631|333|2014-06-10|62903
USD||19632|334|2014-06-10|62903
USD||19633|335|2014-06-10|62903
USD||19634|336|2014-06-10|62903
USD||19635|337|2014-06-10|62903
USD||19636|338|2014-06-10|62903
USD||19637|339|2014-06-10|62903
USD||19638|340|2014-06-10|62903
USD||19639|341|2014-06-10|62903
USD||19640|342|2014-06-10|62903
USD||19641|343|2014-06-10|62903
USD||19642|344|2014-06-10|62903
USD||19643|345|2014-06-10|62903
USD||19644|346|2014-06-10|62903
USD||19645|347|2014-06-10|62903
USD||19646|348|2014-06-10|62903
USD||19647|349|2014-06-10|62903
USD||19648|350|2014-06-10|62903
USD||19649|351|2014-06-10|62903
USD||19650|352|2014-06-10|62903
USD||19651|353|2014-06-10|62903
USD||19652|354|2014-06-10|62903
USD||19653|355|2014-06-10|62903
USD||19654|356|2014-06-10|62903
USD||19655|357|2014-06-10|62903
USD||19656|358|2014-06-10|62903
USD||19657|359|2014-06-10|62903
USD||19658|360|2014-06-10|62903
USD||19659|361|2014-06-10|62903
USD||19660|362|2014-06-10|62903
USD||19661|363|2014-06-10|62903
USD||19662|364|2014-06-10|62903
USD||19663|365|2014-06-10|62903
USD||19664|366|2014-06-10|62903
USD||19665|367|2014-06-10|62903
USD||19666|368|2014-06-10|62903
USD||19667|369|2014-06-10|62903
USD||19668|370|2014-06-10|62903
USD||19669|371|2014-06-10|62903
USD||19670|372|2014-06-10|62903
USD||19671|373|2014-06-10|62903
USD||19672|374|2014-06-10|62903
USD||19673|375|2014-06-10|62903
USD||19674|376|2014-06-10|62903
USD||19675|377|2014-06-10|62903
USD||19676|378|2014-06-10|62903
USD||19677|379|2014-06-10|62903
USD||19678|380|2014-06-10|62903
USD||19679|381|2014-06-10|62903
USD||19680|382|2014-06-10|62903
USD||19681|383|2014-06-10|62903
USD||19682|384|2014-06-10|62903
USD||19683|385|2014-06-10|62903
USD||19684|386|2014-06-10|62903
USD||19685|387|2014-06-10|62903
USD||19686|388|2014-06-10|62903
USD||19687|389|2014-06-10|62903
USD||19688|390|2014-06-10|62903
USD||19689|391|2014-06-10|62903
USD||19690|392|2014-06-10|62903
USD||19691|393|2014-06-10|62903
USD||19692|394|2014-06-10|62903
USD||19693|395|2014-06-10|62903
USD||19694|396|2014-06-10|62903
USD||19695|397|2014-06-10|62903
USD||19696|398|2014-06-10|62903
USD||19697|399|2014-06-10|62903
USD||19698|400|2014-06-10|62903
USD||19699|401|2014-06-10|62903
USD||19700|402|2014-06-10|62903
USD||19701|403|2014-06-10|62903
USD||19702|404|2014-06-10|62903
USD||19703|405|2014-06-10|62903
USD||19704|406|2014-06-10|62903
USD||19705|407|2014-06-10|62903
USD||19706|408|2014-06-10|62903
USD||19707|409|2014-06-10|62903
USD||19708|410|2014-06-10|62903
USD||19709|411|2014-06-10|62903
USD||19710|412|2014-06-10|62903
USD||19711|413|2014-06-10|62903
USD||19712|414|2014-06-10|62903
USD||19713|415|2014-06-10|62903
USD||19714|416|2014-06-10|62903
USD||19715|417|2014-06-10|62903
USD||19716|418|2014-06-10|62903
USD||19717|419|2014-06-10|62903
USD||19718|420|2014-06-10|62903
USD||19719|421|2014-06-10|62903
USD||19720|422|2014-06-10|62903
USD||19721|423|2014-06-10|62903
USD||19722|424|2014-06-10|62903
USD||19723|425|2014-06-10|62903
USD||19724|426|2014-06-10|62903
USD||19725|427|2014-06-10|62903
USD||19726|428|2014-06-10|62903
USD||19727|429|2014-06-10|62903
USD||19728|430|2014-06-10|62903
USD||19729|431|2014-06-10|62903
USD||19730|432|2014-06-10|62903
USD||19731|433|2014-06-10|62903
USD||19732|434|2014-06-10|62903
USD||19733|435|2014-06-10|62903
USD||19734|436|2014-06-10|62903
USD||19735|437|2014-06-10|62903
USD||19736|438|2014-06-10|62903
USD||19737|439|2014-06-10|62903
USD||19738|440|2014-06-10|62903
USD||19739|441|2014-06-10|62903
USD||19740|442|2014-06-10|62903
USD||19741|443|2014-06-10|62903
USD||19742|444|2014-06-10|62903
USD||19743|445|2014-06-10|62903
USD||19744|446|2014-06-10|62903
USD||19745|447|2014-06-10|62903
USD||19746|448|2014-06-10|62903
USD||19747|449|2014-06-10|62903
USD||19748|450|2014-06-10|62903
USD||19749|451|2014-06-10|62903
USD||19750|452|2014-06-10|62903
USD||19751|453|2014-06-10|62903
USD||19752|454|2014-06-10|62903
USD||19753|455|2014-06-10|62903
USD||19754|456|2014-06-10|62903
USD||19755|457|2014-06-10|62903
USD||19756|458|2014-06-10|62903
USD||19757|459|2014-06-10|62903
USD||19758|460|2014-06-10|62903
USD||19759|461|2014-06-10|62903
USD||19760|462|2014-06-10|62903
USD||19761|463|2014-06-10|62903
USD||19762|464|2014-06-10|62903
USD||19763|465|2014-06-10|62903
USD||19764|466|2014-06-10|62903
USD||19765|467|2014-06-10|62903
USD||19766|468|2014-06-10|62903
USD||19767|469|2014-06-10|62903
USD||19768|470|2014-06-10|62903
USD||19769|471|2014-06-10|62903
USD||19770|472|2014-06-10|62903
USD||19771|473|2014-06-10|62903
USD||19772|474|2014-06-10|62903
USD||19773|475|2014-06-10|62903
USD||19774|476|2014-06-10|62903
USD||19775|477|2014-06-10|62903
USD||19776|478|2014-06-10|62903
USD||19777|479|2014-06-10|62903
USD||19778|480|2014-06-10|62903
USD||19779|481|2014-06-10|62903
USD||19780|482|2014-06-10|62903
USD||19781|483|2014-06-10|62903
USD||19782|484|2014-06-10|62903
USD||19783|485|2014-06-10|62903
USD||19784|486|2014-06-10|62903
USD||19785|487|2014-06-10|62903
USD||19786|488|2014-06-10|62903
USD||19787|489|2014-06-10|62903
USD||19788|490|2014-06-10|62903
USD||19789|491|2014-06-10|62903
USD||19790|492|2014-06-10|62903
USD||19791|493|2014-06-10|62903
USD||19792|494|2014-06-10|62903
USD||19793|495|2014-06-10|62903
USD||19794|496|2014-06-10|62903
USD||19795|497|2014-06-10|62903
USD||19796|498|2014-06-10|62903
USD||19797|499|2014-06-10|62903
USD||19798|500|2014-06-10|62903
USD||19799|501|2014-06-10|62903
USD||19800|502|2014-06-10|62903
USD||19801|503|2014-06-10|62903
USD||19802|504|2014-06-10|62903
USD||19803|505|2014-06-10|62903
USD||19804|506|2014-06-10|62903
USD||19805|507|2014-06-10|62903
USD||19806|508|2014-06-10|62903
USD||19807|509|2014-06-10|62903
USD||19808|510|2014-06-10|62903
USD||19809|511|2014-06-10|62903
USD||19810|512|2014-06-10|62903
USD||19811|513|2014-06-10|62903
USD||19812|514|2014-06-10|62903
USD||19813|515|2014-06-10|62903
USD||19814|516|2014-06-10|62903
USD||19815|517|2014-06-10|62903
USD||19816|518|2014-06-10|62903
USD||19817|519|2014-06-10|62903
USD||19818|520|2014-06-10|62903
USD||19819|521|2014-06-10|62903
USD||19820|522|2014-06-10|62903
USD||19821|523|2014-06-10|62903
USD||19822|524|2014-06-10|62903
USD||19823|525|2014-06-10|62903
USD||19824|526|2014-06-10|62903
USD||19825|527|2014-06-10|62903
USD||19826|528|2014-06-10|62903
USD||19827|529|2014-06-10|62903
USD||19828|530|2014-06-10|62903
USD||19829|531|2014-06-10|62903
USD||19830|532|2014-06-10|62903
USD||19831|533|2014-06-10|62903
USD||19832|534|2014-06-10|62903
USD||19833|535|2014-06-10|62903
USD||19834|536|2014-06-10|62903
USD||19835|537|2014-06-10|62903
USD||19836|538|2014-06-10|62903
USD||19837|539|2014-06-10|62903
USD||19838|540|2014-06-10|62903
USD||19839|541|2014-06-10|62903
USD||19840|542|2014-06-10|62903
USD||19841|543|2014-06-10|62903
USD||19842|544|2014-06-10|62903
USD||19843|545|2014-06-10|62903
USD||19844|546|2014-06-10|62903
USD||19845|547|2014-06-10|62903
USD||19846|548|2014-06-10|62903
USD||19847|549|2014-06-10|62903
USD||19848|550|2014-06-10|62903
USD||19849|551|2014-06-10|62903
USD||19850|552|2014-06-10|62903
USD||19851|553|2014-06-10|62903
USD||19852|554|2014-06-10|62903
USD||19853|555|2014-06-10|62903
USD||19854|556|2014-06-10|62903
USD||19855|557|2014-06-10|62903
USD||19856|558|2014-06-10|62903
USD||19857|559|2014-06-10|62903
USD||19858|560|2014-06-10|62903
USD||19859|561|2014-06-10|62903
USD||19860|562|2014-06-10|62903
USD||19861|563|2014-06-10|62903
USD||19862|564|2014-06-10|62903
USD||19863|565|2014-06-10|62903
USD||19864|566|2014-06-10|62903
USD||19865|567|2014-06-10|62903
USD||19866|568|2014-06-10|62903
USD||19867|569|2014-06-10|62903
USD||19868|570|2014-06-10|62903
USD||19869|571|2014-06-10|62903
USD||19870|572|2014-06-10|62903
USD||19871|573|2014-06-10|62903
USD||19872|574|2014-06-10|62903
USD||19873|575|2014-06-10|62903
USD||19874|576|2014-06-10|62903
USD||19875|577|2014-06-10|62903
USD||19876|578|2014-06-10|62903
USD||19877|579|2014-06-10|62903
USD||19878|580|2014-06-10|62903
USD||19879|581|2014-06-10|62903
USD||19880|582|2014-06-10|62903
USD||19881|583|2014-06-10|62903
USD||19882|584|2014-06-10|62903
USD||19883|585|2014-06-10|62903
USD||19884|586|2014-06-10|62903
USD||19885|587|2014-06-10|62903
USD||19886|588|2014-06-10|62903
USD||19887|589|2014-06-10|62903
USD||19888|590|2014-06-10|62903
USD||19889|591|2014-06-10|62903
USD||19890|592|2014-06-10|62903
USD||19891|593|2014-06-10|62903
USD||19892|594|2014-06-10|62903
USD||19893|595|2014-06-10|62903
USD||19894|596|2014-06-10|62903
USD||19895|597|2014-06-10|62903
USD||19896|598|2014-06-10|62903
USD||19897|599|2014-06-10|62903
USD||19898|600|2014-06-10|62903
USD||19899|601|2014-06-10|62903
USD||19900|602|2014-06-10|62903
USD||19901|603|2014-06-10|62903
USD||19902|604|2014-06-10|62903
USD||19903|605|2014-06-10|62903
USD||19904|606|2014-06-10|62903
USD||19905|607|2014-06-10|62903
USD||19906|608|2014-06-10|62903
USD||19907|609|2014-06-10|62903
USD||19908|610|2014-06-10|62903
USD||19909|611|2014-06-10|62903
USD||19910|612|2014-06-10|62903
USD||19911|613|2014-06-10|62903
USD||19912|614|2014-06-10|62903
USD||19913|615|2014-06-10|62903
USD||19914|616|2014-06-10|62903
USD||19915|617|2014-06-10|62903
USD||19916|618|2014-06-10|62903
USD||19917|619|2014-06-10|62903
USD||19918|620|2014-06-10|62903
USD||19919|621|2014-06-10|62903
USD||19920|622|2014-06-10|62903
USD||19921|623|2014-06-10|62903
USD||19922|624|2014-06-10|62903
USD||19923|625|2014-06-10|62903
USD||19924|626|2014-06-10|62903
USD||19925|627|2014-06-10|62903
USD||19926|628|2014-06-10|62903
USD||19927|629|2014-06-10|62903
USD||19928|630|2014-06-10|62903
USD||19929|631|2014-06-10|62903
USD||19930|632|2014-06-10|62903
USD||19931|633|2014-06-10|62903
USD||19932|634|2014-06-10|62903
USD||19933|635|2014-06-10|62903
USD||19934|636|2014-06-10|62903
USD||19935|637|2014-06-10|62903
USD||19936|638|2014-06-10|62903
USD||19937|639|2014-06-10|62903
USD||19938|640|2014-06-10|62903
USD||19939|641|2014-06-10|62903
USD||19940|642|2014-06-10|62903
USD||19941|643|2014-06-10|62903
USD||19942|644|2014-06-10|62903
USD||19943|645|2014-06-10|62903
USD||19944|646|2014-06-10|62903
USD||19945|647|2014-06-10|62903
USD||19946|648|2014-06-10|62903
USD||19947|649|2014-06-10|62903
USD||19948|650|2014-06-10|62903
USD||19949|651|2014-06-10|62903
USD||19950|652|2014-06-10|62903
USD||19951|653|2014-06-10|62903
USD||19952|654|2014-06-10|62903
USD||19953|655|2014-06-10|62903
USD||19954|656|2014-06-10|62903
USD||19955|657|2014-06-10|62903
USD||19956|658|2014-06-10|62903
USD||19957|659|2014-06-10|62903
USD||19958|660|2014-06-10|62903
USD||19959|661|2014-06-10|62903
USD||19960|662|2014-06-10|62903
USD||19961|663|2014-06-10|62903
USD||19962|664|2014-06-10|62903
USD||19963|665|2014-06-10|62903
USD||19964|666|2014-06-10|62903
USD||19965|667|2014-06-10|62903
USD||19966|668|2014-06-10|62903
USD||19967|669|2014-06-10|62903
USD||19968|670|2014-06-10|62903
USD||19969|671|2014-06-10|62903
USD||19970|672|2014-06-10|62903
USD||19971|673|2014-06-10|62903
USD||19972|674|2014-06-10|62903
USD||19973|675|2014-06-10|62903
USD||19974|676|2014-06-10|62903
USD||19975|677|2014-06-10|62903
USD||19976|678|2014-06-10|62903
USD||19977|679|2014-06-10|62903
USD||19978|680|2014-06-10|62903
USD||19979|681|2014-06-10|62903
USD||19980|682|2014-06-10|62903
USD||19981|683|2014-06-10|62903
USD||19982|684|2014-06-10|62903
USD||19983|685|2014-06-10|62903
USD||19984|686|2014-06-10|62903
USD||19985|687|2014-06-10|62903
USD||19986|688|2014-06-10|62903
USD||19987|689|2014-06-10|62903
USD||19988|690|2014-06-10|62903
USD||19989|691|2014-06-10|62903
USD||19990|692|2014-06-10|62903
USD||19991|693|2014-06-10|62903
USD||19992|694|2014-06-10|62903
USD||19993|695|2014-06-10|62903
USD||19994|696|2014-06-10|62903
USD||19995|697|2014-06-10|62903
USD||19996|698|2014-06-10|62903
USD||19997|699|2014-06-10|62903
USD||19998|700|2014-06-10|62903
USD||19999|701|2014-06-10|62903
USD||20000|702|2014-06-10|62903
USD||20001|703|2014-06-10|62903
USD||20002|704|2014-06-10|62903
USD||20003|705|2014-06-10|62903
USD||20004|706|2014-06-10|62903
USD||20005|707|2014-06-10|62903
USD||20006|708|2014-06-10|62903
USD||20007|709|2014-06-10|62903
USD||20008|710|2014-06-10|62903
USD||20009|711|2014-06-10|62903
USD||20010|712|2014-06-10|62903
USD||20011|713|2014-06-10|62903
USD||20012|714|2014-06-10|62903
USD||20013|715|2014-06-10|62903
USD||20014|716|2014-06-10|62903
USD||20015|717|2014-06-10|62903
USD||20016|718|2014-06-10|62903
USD||20017|719|2014-06-10|62903
USD||20018|720|2014-06-10|62903
USD||20019|721|2014-06-10|62903
USD||20020|722|2014-06-10|62903
USD||20021|723|2014-06-10|62903
USD||20022|724|2014-06-10|62903
USD||20023|725|2014-06-10|62903
USD||20024|726|2014-06-10|62903
USD||20025|727|2014-06-10|62903
USD||20026|728|2014-06-10|62903
USD||20027|729|2014-06-10|62903
USD||20028|730|2014-06-10|62903
USD||20029|731|2014-06-10|62903
USD||20030|732|2014-06-10|62903
USD||20031|733|2014-06-10|62903
USD||20032|734|2014-06-10|62903
USD||20033|735|2014-06-10|62903
USD||20034|736|2014-06-10|62903
USD||20035|737|2014-06-10|62903
USD||20036|738|2014-06-10|62903
USD||20037|739|2014-06-10|62903
USD||20038|740|2014-06-10|62903
USD||20039|741|2014-06-10|62903
USD||20040|742|2014-06-10|62903
USD||20041|743|2014-06-10|62903
USD||20042|744|2014-06-10|62903
USD||20043|745|2014-06-10|62903
USD||20044|746|2014-06-10|62903
USD||20045|747|2014-06-10|62903
USD||20046|748|2014-06-10|62903
USD||20047|749|2014-06-10|62903
USD||20048|750|2014-06-10|62903
USD||20049|751|2014-06-10|62903
USD||20050|752|2014-06-10|62903
USD||20051|753|2014-06-10|62903
USD||20052|754|2014-06-10|62903
USD||20053|755|2014-06-10|62903
USD||20054|756|2014-06-10|62903
USD||20055|757|2014-06-10|62903
USD||20056|758|2014-06-10|62903
USD||20057|759|2014-06-10|62903
USD||20058|760|2014-06-10|62903
USD||20059|761|2014-06-10|62903
USD||20060|762|2014-06-10|62903
USD||20061|763|2014-06-10|62903
USD||20062|764|2014-06-10|62903
USD||20063|765|2014-06-10|62903
USD||20064|766|2014-06-10|62903
USD||20065|767|2014-06-10|62903
USD||20066|768|2014-06-10|62903
USD||20067|769|2014-06-10|62903
USD||20068|770|2014-06-10|62903
USD||20069|771|2014-06-10|62903
USD||20070|772|2014-06-10|62903
USD||20071|773|2014-06-10|62903
USD||20072|774|2014-06-10|62903
USD||20073|775|2014-06-10|62903
USD||20074|776|2014-06-10|62903
USD||20075|777|2014-06-10|62903
USD||20076|778|2014-06-10|62903
USD||20077|779|2014-06-10|62903
USD||20078|780|2014-06-10|62903
USD||20079|781|2014-06-10|62903
USD||20080|782|2014-06-10|62903
USD||20081|783|2014-06-10|62903
USD||20082|784|2014-06-10|62903
USD||20416|785|2014-06-10|62903
AUD||23088|786|2014-06-10|62903
AUD||23089|787|2014-06-10|62903
AUD||23090|788|2014-06-10|62903
AUD||23091|789|2014-06-10|62903
AUD||23092|790|2014-06-10|62903
AUD||23093|791|2014-06-10|62903
AUD||23094|792|2014-06-10|62903
AUD||23095|793|2014-06-10|62903
AUD||23096|794|2014-06-10|62903
AUD||23097|795|2014-06-10|62903
AUD||23098|796|2014-06-10|62903
AUD||23099|797|2014-06-10|62903
AUD||23100|798|2014-06-10|62903
AUD||23101|799|2014-06-10|62903
AUD||23102|800|2014-06-10|62903
AUD||23103|801|2014-06-10|62903
AUD||23104|802|2014-06-10|62903
AUD||23105|803|2014-06-10|62903
AUD||23106|804|2014-06-10|62903
AUD||23107|805|2014-06-10|62903
AUD||23108|806|2014-06-10|62903
AUD||23109|807|2014-06-10|62903
AUD||23110|808|2014-06-10|62903
AUD||23111|809|2014-06-10|62903
AUD||23112|810|2014-06-10|62903
AUD||23113|811|2014-06-10|62903
AUD||23114|812|2014-06-10|62903
AUD||23115|813|2014-06-10|62903
AUD||23116|814|2014-06-10|62903
AUD||23117|815|2014-06-10|62903
AUD||23118|816|2014-06-10|62903
AUD||23119|817|2014-06-10|62903
AUD||23120|818|2014-06-10|62903
AUD||23121|819|2014-06-10|62903
AUD||23122|820|2014-06-10|62903
AUD||23123|821|2014-06-10|62903
AUD||23124|822|2014-06-10|62903
AUD||23125|823|2014-06-10|62903
AUD||23126|824|2014-06-10|62903
AUD||23127|825|2014-06-10|62903
AUD||23128|826|2014-06-10|62903
AUD||23129|827|2014-06-10|62903
AUD||23130|828|2014-06-10|62903
AUD||23131|829|2014-06-10|62903
AUD||23132|830|2014-06-10|62903
USD||23251|831|2014-06-10|62903
USD||23252|832|2014-06-10|62903
USD||23763|833|2014-06-10|62903
USD||23764|834|2014-06-10|62903
USD||23881|835|2014-06-10|62903
JPY||23883|836|2014-06-10|62903
JPY||23884|837|2014-06-10|62903
USD||25491|838|2014-06-10|62903
USD||25492|839|2014-06-10|62903
USD||25575|840|2014-06-10|62903
USD||25785|841|2014-06-10|62903
USD||25786|842|2014-06-10|62903
USD||26100|843|2014-06-10|62903
USD||26101|844|2014-06-10|62903
USD||26102|845|2014-06-10|62903
USD||26103|846|2014-06-10|62903
USD||26104|847|2014-06-10|62903
USD||26105|848|2014-06-10|62903
USD||26106|849|2014-06-10|62903
USD||26107|850|2014-06-10|62903
USD||26108|851|2014-06-10|62903
USD||26109|852|2014-06-10|62903
USD||26110|853|2014-06-10|62903
USD||26111|854|2014-06-10|62903
USD||26112|855|2014-06-10|62903
USD||26113|856|2014-06-10|62903
USD||26114|857|2014-06-10|62903
USD||26115|858|2014-06-10|62903
USD||26116|859|2014-06-10|62903
USD||26117|860|2014-06-10|62903
USD||26118|861|2014-06-10|62903
USD||26119|862|2014-06-10|62903
USD||26120|863|2014-06-10|62903
USD||26121|864|2014-06-10|62903
USD||26122|865|2014-06-10|62903
USD||26123|866|2014-06-10|62903
USD||26124|867|2014-06-10|62903
USD||26125|868|2014-06-10|62903
USD||26126|869|2014-06-10|62903
USD||26127|870|2014-06-10|62903
USD||26128|871|2014-06-10|62903
USD||26129|872|2014-06-10|62903
USD||26130|873|2014-06-10|62903
USD||26131|874|2014-06-10|62903
USD||26132|875|2014-06-10|62903
USD||26133|876|2014-06-10|62903
USD||26134|877|2014-06-10|62903
USD||26135|878|2014-06-10|62903
USD||26136|879|2014-06-10|62903
USD||26137|880|2014-06-10|62903
USD||26138|881|2014-06-10|62903
USD||26139|882|2014-06-10|62903
USD||26140|883|2014-06-10|62903
USD||26141|884|2014-06-10|62903
USD||26142|885|2014-06-10|62903
USD||26143|886|2014-06-10|62903
USD||26144|887|2014-06-10|62903
USD||26145|888|2014-06-10|62903
USD||26146|889|2014-06-10|62903
USD||26147|890|2014-06-10|62903
USD||26148|891|2014-06-10|62903
USD||26149|892|2014-06-10|62903
USD||26150|893|2014-06-10|62903
USD||26151|894|2014-06-10|62903
USD||26152|895|2014-06-10|62903
USD||26153|896|2014-06-10|62903
USD||26154|897|2014-06-10|62903
USD||26155|898|2014-06-10|62903
USD||26156|899|2014-06-10|62903
USD||26157|900|2014-06-10|62903
USD||26158|901|2014-06-10|62903
USD||26159|902|2014-06-10|62903
USD||26160|903|2014-06-10|62903
USD||26161|904|2014-06-10|62903
USD||26162|905|2014-06-10|62903
USD||26163|906|2014-06-10|62903
USD||26164|907|2014-06-10|62903
USD||26165|908|2014-06-10|62903
USD||26166|909|2014-06-10|62903
USD||26167|910|2014-06-10|62903
USD||26168|911|2014-06-10|62903
USD||26169|912|2014-06-10|62903
USD||26170|913|2014-06-10|62903
USD||26171|914|2014-06-10|62903
USD||26172|915|2014-06-10|62903
USD||26173|916|2014-06-10|62903
USD||26174|917|2014-06-10|62903
USD||26175|918|2014-06-10|62903
USD||26176|919|2014-06-10|62903
USD||26177|920|2014-06-10|62903
USD||26178|921|2014-06-10|62903
USD||26179|922|2014-06-10|62903
USD||26180|923|2014-06-10|62903
USD||26181|924|2014-06-10|62903
USD||26182|925|2014-06-10|62903
USD||26183|926|2014-06-10|62903
USD||26184|927|2014-06-10|62903
USD||26185|928|2014-06-10|62903
USD||26186|929|2014-06-10|62903
USD||26187|930|2014-06-10|62903
USD||26188|931|2014-06-10|62903
USD||26189|932|2014-06-10|62903
USD||26190|933|2014-06-10|62903
USD||26191|934|2014-06-10|62903
USD||26192|935|2014-06-10|62903
USD||26193|936|2014-06-10|62903
USD||26194|937|2014-06-10|62903
USD||26195|938|2014-06-10|62903
USD||26196|939|2014-06-10|62903
USD||26197|940|2014-06-10|62903
USD||26198|941|2014-06-10|62903
USD||26199|942|2014-06-10|62903
USD||26200|943|2014-06-10|62903
USD||26201|944|2014-06-10|62903
USD||26202|945|2014-06-10|62903
USD||26203|946|2014-06-10|62903
USD||26204|947|2014-06-10|62903
USD||26205|948|2014-06-10|62903
USD||26206|949|2014-06-10|62903
USD||26207|950|2014-06-10|62903
USD||26208|951|2014-06-10|62903
USD||26209|952|2014-06-10|62903
USD||26210|953|2014-06-10|62903
USD||26211|954|2014-06-10|62903
USD||26212|955|2014-06-10|62903
USD||26213|956|2014-06-10|62903
USD||26214|957|2014-06-10|62903
USD||26215|958|2014-06-10|62903
USD||26216|959|2014-06-10|62903
USD||26217|960|2014-06-10|62903
USD||26218|961|2014-06-10|62903
USD||26219|962|2014-06-10|62903
USD||26220|963|2014-06-10|62903
JPY||27360|964|2014-06-10|62903
JPY||27361|965|2014-06-10|62903
EUR||27362|966|2014-06-10|62903
EUR||27363|967|2014-06-10|62903
EUR||27364|968|2014-06-10|62903
EUR||27365|969|2014-06-10|62903
EUR||27366|970|2014-06-10|62903
EUR||27367|971|2014-06-10|62903
EUR||27368|972|2014-06-10|62903
EUR||27369|973|2014-06-10|62903
EUR||27370|974|2014-06-10|62903
EUR||27371|975|2014-06-10|62903
EUR||27372|976|2014-06-10|62903
GBP||27373|977|2014-06-10|62903
EUR||27374|978|2014-06-10|62903
EUR||27376|979|2014-06-10|62903
EUR||27377|980|2014-06-10|62903
EUR||27378|981|2014-06-10|62903
GBP||27379|982|2014-06-10|62903
EUR||27380|983|2014-06-10|62903
GBP||27381|984|2014-06-10|62903
EUR||27382|985|2014-06-10|62903
EUR||27383|986|2014-06-10|62903
EUR||27384|987|2014-06-10|62903
EUR||27385|988|2014-06-10|62903
GBP||27386|989|2014-06-10|62903
EUR||27387|990|2014-06-10|62903
EUR||27388|991|2014-06-10|62903
EUR||27389|992|2014-06-10|62903
EUR||27390|993|2014-06-10|62903
EUR||27391|994|2014-06-10|62903
EUR||27392|995|2014-06-10|62903
EUR||27393|996|2014-06-10|62903
EUR||27394|997|2014-06-10|62903
EUR||27395|998|2014-06-10|62903
EUR||27396|999|2014-06-10|62903
EUR||27397|1000|2014-06-10|62903
EUR||27398|1001|2014-06-10|62903
EUR||27399|1002|2014-06-10|62903
EUR||27400|1003|2014-06-10|62903
EUR||27401|1004|2014-06-10|62903
EUR||27402|1005|2014-06-10|62903
EUR||27403|1006|2014-06-10|62903
GBP||27404|1007|2014-06-10|62903
GBP||27405|1008|2014-06-10|62903
EUR||27406|1009|2014-06-10|62903
EUR||27407|1010|2014-06-10|62903
EUR||27408|1011|2014-06-10|62903
EUR||27409|1012|2014-06-10|62903
EUR||27410|1013|2014-06-10|62903
EUR||27411|1014|2014-06-10|62903
EUR||27412|1015|2014-06-10|62903
EUR||27413|1016|2014-06-10|62903
EUR||27414|1017|2014-06-10|62903
EUR||27415|1018|2014-06-10|62903
EUR||27416|1019|2014-06-10|62903
EUR||27417|1020|2014-06-10|62903
EUR||27418|1021|2014-06-10|62903
USD||27419|1022|2014-06-10|62903
USD||27420|1023|2014-06-10|62903
USD||27421|1024|2014-06-10|62903
USD||27422|1025|2014-06-10|62903
USD||27423|1026|2014-06-10|62903
USD||27424|1027|2014-06-10|62903
USD||27425|1028|2014-06-10|62903
USD||30607|1029|2014-06-10|62903
USD||30608|1030|2014-06-10|62903
EUR||32965|1031|2014-06-10|62903
EUR||32966|1032|2014-06-10|62903
EUR||32967|1033|2014-06-10|62903
EUR||32968|1034|2014-06-10|62903
EUR||32969|1035|2014-06-10|62903
CAD||32970|1036|2014-06-10|62903
EUR||32971|1037|2014-06-10|62903
GBP||32973|1038|2014-06-10|62903
USD||32974|1039|2014-06-10|62903
GBP||32975|1040|2014-06-10|62903
DKK||32976|1041|2014-06-10|62903
GBP||32977|1042|2014-06-10|62903
EUR||32978|1043|2014-06-10|62903
EUR||32980|1044|2014-06-10|62903
EUR||32981|1045|2014-06-10|62903
SEK||32982|1046|2014-06-10|62903
EUR||32983|1047|2014-06-10|62903
EUR||32984|1048|2014-06-10|62903
USD||32985|1049|2014-06-10|62903
USD||32986|1050|2014-06-10|62903
USD||32987|1051|2014-06-10|62903
EUR||32988|1052|2014-06-10|62903
GBP||32989|1053|2014-06-10|62903
EUR||32990|1054|2014-06-10|62903
CAD||32991|1055|2014-06-10|62903
EUR||32992|1056|2014-06-10|62903
EUR||32993|1057|2014-06-10|62903
EUR||32994|1058|2014-06-10|62903
EUR||32995|1059|2014-06-10|62903
USD||32996|1060|2014-06-10|62903
EUR||32997|1061|2014-06-10|62903
EUR||32998|1062|2014-06-10|62903
EUR||32999|1063|2014-06-10|62903
USD||33000|1064|2014-06-10|62903
USD||33002|1065|2014-06-10|62903
EUR||33003|1066|2014-06-10|62903
USD||33004|1067|2014-06-10|62903
USD||33005|1068|2014-06-10|62903
USD||33006|1069|2014-06-10|62903
JPY||33007|1070|2014-06-10|62903
EUR||33008|1071|2014-06-10|62903
EUR||33009|1072|2014-06-10|62903
USD||33010|1073|2014-06-10|62903
GBP||33011|1074|2014-06-10|62903
EUR||33012|1075|2014-06-10|62903
EUR||33013|1076|2014-06-10|62903
EUR||33014|1077|2014-06-10|62903
GBP||33015|1078|2014-06-10|62903
USD||33016|1079|2014-06-10|62903
USD||33017|1080|2014-06-10|62903
AUD||33018|1081|2014-06-10|62903
USD||33019|1082|2014-06-10|62903
USD||33020|1083|2014-06-10|62903
USD||33021|1084|2014-06-10|62903
EUR||33022|1085|2014-06-10|62903
USD||33023|1086|2014-06-10|62903
USD||33024|1087|2014-06-10|62903
USD||33025|1088|2014-06-10|62903
EUR||33026|1089|2014-06-10|62903
EUR||33027|1090|2014-06-10|62903
GBP||33028|1091|2014-06-10|62903
USD||33029|1092|2014-06-10|62903
GBP||33030|1093|2014-06-10|62903
USD||33031|1094|2014-06-10|62903
USD||33032|1095|2014-06-10|62903
EUR||33033|1096|2014-06-10|62903
EUR||33034|1097|2014-06-10|62903
USD||33035|1098|2014-06-10|62903
USD||33036|1099|2014-06-10|62903
USD||33037|1100|2014-06-10|62903
EUR||33038|1101|2014-06-10|62903
USD||33039|1102|2014-06-10|62903
USD||33040|1103|2014-06-10|62903
USD||33041|1104|2014-06-10|62903
USD||33042|1105|2014-06-10|62903
USD||33043|1106|2014-06-10|62903
EUR||33044|1107|2014-06-10|62903
USD||33045|1108|2014-06-10|62903
EUR||33046|1109|2014-06-10|62903
EUR||33047|1110|2014-06-10|62903
USD||33048|1111|2014-06-10|62903
EUR||33049|1112|2014-06-10|62903
EUR||33050|1113|2014-06-10|62903
USD||33051|1114|2014-06-10|62903
EUR||33052|1115|2014-06-10|62903
GBP||33053|1116|2014-06-10|62903
EUR||33054|1117|2014-06-10|62903
USD||33055|1118|2014-06-10|62903
EUR||33056|1119|2014-06-10|62903
MXN||33057|1120|2014-06-10|62903
USD||33058|1121|2014-06-10|62903
USD||33059|1122|2014-06-10|62903
USD||33060|1123|2014-06-10|62903
USD||33061|1124|2014-06-10|62903
USD||33062|1125|2014-06-10|62903
ZAR||33063|1126|2014-06-10|62903
GBP||33064|1127|2014-06-10|62903
USD||33065|1128|2014-06-10|62903
EUR||33066|1129|2014-06-10|62903
USD||33067|1130|2014-06-10|62903
EUR||33069|1131|2014-06-10|62903
EUR||33070|1132|2014-06-10|62903
GBP||33071|1133|2014-06-10|62903
USD||33072|1134|2014-06-10|62903
USD||33073|1135|2014-06-10|62903
USD||33074|1136|2014-06-10|62903
USD||33075|1137|2014-06-10|62903
USD||33076|1138|2014-06-10|62903
EUR||33077|1139|2014-06-10|62903
EUR||33078|1140|2014-06-10|62903
USD||33079|1141|2014-06-10|62903
EUR||33080|1142|2014-06-10|62903
AUD||33081|1143|2014-06-10|62903
USD||33082|1144|2014-06-10|62903
GBP||33083|1145|2014-06-10|62903
USD||33084|1146|2014-06-10|62903
DKK||33085|1147|2014-06-10|62903
USD||33086|1148|2014-06-10|62903
EUR||33087|1149|2014-06-10|62903
USD||33088|1150|2014-06-10|62903
USD||33089|1151|2014-06-10|62903
USD||33090|1152|2014-06-10|62903
USD||33091|1153|2014-06-10|62903
USD||33092|1154|2014-06-10|62903
USD||33093|1155|2014-06-10|62903
GBP||33094|1156|2014-06-10|62903
USD||33095|1157|2014-06-10|62903
EUR||33096|1158|2014-06-10|62903
EUR||33097|1159|2014-06-10|62903
USD||33098|1160|2014-06-10|62903
USD||33099|1161|2014-06-10|62903
GBP||33100|1162|2014-06-10|62903
GBP||33101|1163|2014-06-10|62903
EUR||33102|1164|2014-06-10|62903
MXN||33103|1165|2014-06-10|62903
USD||33104|1166|2014-06-10|62903
GBP||33105|1167|2014-06-10|62903
USD||33106|1168|2014-06-10|62903
SEK||33107|1169|2014-06-10|62903
EUR||33108|1170|2014-06-10|62903
GBP||33109|1171|2014-06-10|62903
AUD||33110|1172|2014-06-10|62903
GBP||33111|1173|2014-06-10|62903
EUR||33112|1174|2014-06-10|62903
USD||33113|1175|2014-06-10|62903
EUR||33114|1176|2014-06-10|62903
GBP||33116|1177|2014-06-10|62903
EUR||33117|1178|2014-06-10|62903
USD||33118|1179|2014-06-10|62903
GBP||33119|1180|2014-06-10|62903
EUR||33120|1181|2014-06-10|62903
USD||33121|1182|2014-06-10|62903
MXN||33122|1183|2014-06-10|62903
MXN||33123|1184|2014-06-10|62903
MXN||33124|1185|2014-06-10|62903
MXN||33125|1186|2014-06-10|62903
USD||33126|1187|2014-06-10|62903
USD||33844|1188|2014-06-10|62903
USD||33847|1189|2014-06-10|62903
USD||33849|1190|2014-06-10|62903
USD||33852|1191|2014-06-10|62903
USD||35018|1192|2014-06-10|62903
USD||35019|1193|2014-06-10|62903
USD||38569|1194|2014-06-10|62903
USD||38570|1195|2014-06-10|62903
NZD||38571|1196|2014-06-10|62903
TWD||38572|1197|2014-06-10|62903
CAD||38573|1198|2014-06-10|62903
USD||38574|1199|2014-06-10|62903
JPY||38575|1200|2014-06-10|62903
MXN||38576|1201|2014-06-10|62903
JPY||38577|1202|2014-06-10|62903
AUD||38578|1203|2014-06-10|62903
USD||38579|1204|2014-06-10|62903
MYR||38580|1205|2014-06-10|62903
USD||38581|1206|2014-06-10|62903
SGD||38582|1207|2014-06-10|62903
MXN||38583|1208|2014-06-10|62903
THB||38584|1209|2014-06-10|62903
SGD||38585|1210|2014-06-10|62903
CAD||38586|1211|2014-06-10|62903
USD||38587|1212|2014-06-10|62903
USD||38588|1213|2014-06-10|62903
USD||38589|1214|2014-06-10|62903
PHP||38590|1215|2014-06-10|62903
TWD||38591|1216|2014-06-10|62903
MYR||38592|1217|2014-06-10|62903
USD||38593|1218|2014-06-10|62903
USD||38594|1219|2014-06-10|62903
JPY||38595|1220|2014-06-10|62903
JPY||38596|1221|2014-06-10|62903
JPY||38597|1222|2014-06-10|62903
JPY||38598|1223|2014-06-10|62903
JPY||38599|1224|2014-06-10|62903
MYR||38600|1225|2014-06-10|62903
AUD||38601|1226|2014-06-10|62903
AUD||38602|1227|2014-06-10|62903
JPY||38603|1228|2014-06-10|62903
JPY||38604|1229|2014-06-10|62903
JPY||38605|1230|2014-06-10|62903
USD||38606|1231|2014-06-10|62903
USD||38607|1232|2014-06-10|62903
USD||38608|1233|2014-06-10|62903
JPY||38609|1234|2014-06-10|62903
USD||38610|1235|2014-06-10|62903
JPY||38611|1236|2014-06-10|62903
JPY||38612|1237|2014-06-10|62903
USD||38613|1238|2014-06-10|62903
JPY||38614|1239|2014-06-10|62903
JPY||38615|1240|2014-06-10|62903
USD||38616|1241|2014-06-10|62903
SGD||38617|1242|2014-06-10|62903
JPY||38618|1243|2014-06-10|62903
USD||38619|1244|2014-06-10|62903
USD||38620|1245|2014-06-10|62903
TWD||38621|1246|2014-06-10|62903
USD||38622|1247|2014-06-10|62903
JPY||38623|1248|2014-06-10|62903
NZD||38624|1249|2014-06-10|62903
JPY||38625|1250|2014-06-10|62903
JPY||38626|1251|2014-06-10|62903
TWD||38627|1252|2014-06-10|62903
JPY||38628|1253|2014-06-10|62903
USD||38629|1254|2014-06-10|62903
THB||38630|1255|2014-06-10|62903
JPY||38631|1256|2014-06-10|62903
JPY||38632|1257|2014-06-10|62903
USD||38634|1258|2014-06-10|62903
JPY||38636|1259|2014-06-10|62903
MXN||38637|1260|2014-06-10|62903
THB||38638|1261|2014-06-10|62903
USD||38639|1262|2014-06-10|62903
USD||38785|1263|2014-06-10|62903
BRL||38820|1264|2014-06-10|62903
BRL||38821|1265|2014-06-10|62903
BRL||38822|1266|2014-06-10|62903
BRL||38823|1267|2014-06-10|62903
BRL||38824|1268|2014-06-10|62903
BRL||38826|1269|2014-06-10|62903
BRL||38827|1270|2014-06-10|62903
BRL||38828|1271|2014-06-10|62903
BRL||38829|1272|2014-06-10|62903
BRL||38830|1273|2014-06-10|62903
BRL||38831|1274|2014-06-10|62903
BRL||38833|1275|2014-06-10|62903
BRL||38834|1276|2014-06-10|62903
BRL||38835|1277|2014-06-10|62903
BRL||38836|1278|2014-06-10|62903
BRL||38837|1279|2014-06-10|62903
BRL||38838|1280|2014-06-10|62903
BRL||38839|1281|2014-06-10|62903
BRL||38840|1282|2014-06-10|62903
BRL||38841|1283|2014-06-10|62903
BRL||38842|1284|2014-06-10|62903
USD||38843|1285|2014-06-10|62903
BRL||38844|1286|2014-06-10|62903
BRL||38845|1287|2014-06-10|62903
BRL||38846|1288|2014-06-10|62903
BRL||38847|1289|2014-06-10|62903
BRL||38848|1290|2014-06-10|62903
BRL||38849|1291|2014-06-10|62903
BRL||38850|1292|2014-06-10|62903
BRL||38851|1293|2014-06-10|62903
BRL||38852|1294|2014-06-10|62903
BRL||38853|1295|2014-06-10|62903
BRL||38854|1296|2014-06-10|62903
BRL||38855|1297|2014-06-10|62903
BRL||38856|1298|2014-06-10|62903
BRL||38857|1299|2014-06-10|62903
BRL||38858|1300|2014-06-10|62903
BRL||38859|1301|2014-06-10|62903
BRL||38860|1302|2014-06-10|62903
USD||38861|1303|2014-06-10|62903
BRL||38862|1304|2014-06-10|62903
BRL||38863|1305|2014-06-10|62903
BRL||38864|1306|2014-06-10|62903
BRL||38865|1307|2014-06-10|62903
BRL||38866|1308|2014-06-10|62903
USD||38867|1309|2014-06-10|62903
USD||39158|1310|2014-06-10|62903
USD||39159|1311|2014-06-10|62903
USD||39160|1312|2014-06-10|62903
USD||39203|1313|2014-06-10|62903
JPY||39205|1314|2014-06-10|62903
USD||39285|1315|2014-06-10|62903
USD||39286|1316|2014-06-10|62903
INR||40415|1317|2014-06-10|62903
INR||40416|1318|2014-06-10|62903
HKD||40417|1319|2014-06-10|62903
INR||40418|1320|2014-06-10|62903
HKD||40420|1321|2014-06-10|62903
THB||40421|1322|2014-06-10|62903
INR||40422|1323|2014-06-10|62903
INR||40423|1324|2014-06-10|62903
INR||40424|1325|2014-06-10|62903
HKD||40425|1326|2014-06-10|62903
HKD||40426|1327|2014-06-10|62903
IDR||40427|1328|2014-06-10|62903
HKD||40428|1329|2014-06-10|62903
MYR||40429|1330|2014-06-10|62903
HKD||40430|1331|2014-06-10|62903
HKD||40431|1332|2014-06-10|62903
HKD||40432|1333|2014-06-10|62903
INR||40433|1334|2014-06-10|62903
HKD||40434|1335|2014-06-10|62903
THB||40435|1336|2014-06-10|62903
IDR||40436|1337|2014-06-10|62903
MYR||40437|1338|2014-06-10|62903
HKD||40438|1339|2014-06-10|62903
INR||40439|1340|2014-06-10|62903
INR||40440|1341|2014-06-10|62903
IDR||40441|1342|2014-06-10|62903
MYR||40442|1343|2014-06-10|62903
INR||40443|1344|2014-06-10|62903
HKD||40444|1345|2014-06-10|62903
HKD||40445|1346|2014-06-10|62903
THB||40446|1347|2014-06-10|62903
MYR||40447|1348|2014-06-10|62903
MYR||40448|1349|2014-06-10|62903
HKD||40449|1350|2014-06-10|62903
HKD||40450|1351|2014-06-10|62903
HKD||40451|1352|2014-06-10|62903
PHP||40452|1353|2014-06-10|62903
HKD||40453|1354|2014-06-10|62903
IDR||40454|1355|2014-06-10|62903
PHP||40455|1356|2014-06-10|62903
PHP||40456|1357|2014-06-10|62903
THB||40457|1358|2014-06-10|62903
THB||40458|1359|2014-06-10|62903
HKD||40459|1360|2014-06-10|62903
IDR||40460|1361|2014-06-10|62903
PHP||40461|1362|2014-06-10|62903
PHP||40462|1363|2014-06-10|62903
MYR||40463|1364|2014-06-10|62903
THB||40464|1365|2014-06-10|62903
PHP||40465|1366|2014-06-10|62903
HKD||40466|1367|2014-06-10|62903
IDR||40467|1368|2014-06-10|62903
MYR||40468|1369|2014-06-10|62903
THB||40469|1370|2014-06-10|62903
PHP||40470|1371|2014-06-10|62903
HKD||40471|1372|2014-06-10|62903
HKD||40472|1373|2014-06-10|62903
USD||40500|1374|2014-06-10|62903
GBP||40501|1375|2014-06-10|62903
EUR||40502|1376|2014-06-10|62903
EUR||40503|1377|2014-06-10|62903
USD||40505|1378|2014-06-10|62903
USD||40506|1379|2014-06-10|62903
EUR||40507|1380|2014-06-10|62903
EUR||40508|1381|2014-06-10|62903
EUR||40509|1382|2014-06-10|62903
GBP||40510|1383|2014-06-10|62903
GBP||40511|1384|2014-06-10|62903
USD||40512|1385|2014-06-10|62903
USD||40513|1386|2014-06-10|62903
USD||40514|1387|2014-06-10|62903
USD||40515|1388|2014-06-10|62903
EUR||40516|1389|2014-06-10|62903
USD||40517|1390|2014-06-10|62903
USD||40518|1391|2014-06-10|62903
HKD||40519|1392|2014-06-10|62903
USD||40520|1393|2014-06-10|62903
EUR||40521|1394|2014-06-10|62903
USD||40522|1395|2014-06-10|62903
USD||40523|1396|2014-06-10|62903
GBP||40524|1397|2014-06-10|62903
USD||40525|1398|2014-06-10|62903
USD||40526|1399|2014-06-10|62903
USD||41667|1400|2014-06-10|62903
USD||41669|1401|2014-06-10|62903
USD||41696|1402|2014-06-10|62903
USD||41699|1403|2014-06-10|62903
USD||41700|1404|2014-06-10|62903
USD||41703|1405|2014-06-10|62903
KRW||42293|1406|2014-06-10|62903
KRW||42295|1407|2014-06-10|62903
KRW||42296|1408|2014-06-10|62903
KRW||42297|1409|2014-06-10|62903
KRW||42298|1410|2014-06-10|62903
KRW||42299|1411|2014-06-10|62903
KRW||42300|1412|2014-06-10|62903
KRW||42301|1413|2014-06-10|62903
KRW||42302|1414|2014-06-10|62903
KRW||42303|1415|2014-06-10|62903
KRW||42304|1416|2014-06-10|62903
KRW||42305|1417|2014-06-10|62903
KRW||42306|1418|2014-06-10|62903
KRW||42307|1419|2014-06-10|62903
KRW||42308|1420|2014-06-10|62903
KRW||42309|1421|2014-06-10|62903
KRW||42310|1422|2014-06-10|62903
KRW||42311|1423|2014-06-10|62903
KRW||42312|1424|2014-06-10|62903
KRW||42313|1425|2014-06-10|62903
KRW||42314|1426|2014-06-10|62903
KRW||42315|1427|2014-06-10|62903
KRW||42316|1428|2014-06-10|62903
KRW||42317|1429|2014-06-10|62903
KRW||42318|1430|2014-06-10|62903
KRW||42319|1431|2014-06-10|62903
KRW||42320|1432|2014-06-10|62903
KRW||42321|1433|2014-06-10|62903
KRW||42322|1434|2014-06-10|62903
KRW||42323|1435|2014-06-10|62903
KRW||42324|1436|2014-06-10|62903
KRW||42325|1437|2014-06-10|62903
KRW||42326|1438|2014-06-10|62903
KRW||42327|1439|2014-06-10|62903
HKD||42469|1440|2014-06-10|62903
HKD||42470|1441|2014-06-10|62903
HKD||42471|1442|2014-06-10|62903
HKD||42472|1443|2014-06-10|62903
HKD||42473|1444|2014-06-10|62903
HKD||42474|1445|2014-06-10|62903
HKD||42476|1446|2014-06-10|62903
HKD||42477|1447|2014-06-10|62903
HKD||42478|1448|2014-06-10|62903
HKD||42479|1449|2014-06-10|62903
HKD||42480|1450|2014-06-10|62903
HKD||42481|1451|2014-06-10|62903
HKD||42482|1452|2014-06-10|62903
HKD||42483|1453|2014-06-10|62903
HKD||42484|1454|2014-06-10|62903
HKD||42485|1455|2014-06-10|62903
HKD||42486|1456|2014-06-10|62903
HKD||42487|1457|2014-06-10|62903
HKD||42488|1458|2014-06-10|62903
HKD||42489|1459|2014-06-10|62903
HKD||42490|1460|2014-06-10|62903
HKD||42491|1461|2014-06-10|62903
HKD||42492|1462|2014-06-10|62903
HKD||42493|1463|2014-06-10|62903
HKD||42494|1464|2014-06-10|62903
HKD||42495|1465|2014-06-10|62903
HKD||42496|1466|2014-06-10|62903
HKD||42497|1467|2014-06-10|62903
HKD||42498|1468|2014-06-10|62903
HKD||42499|1469|2014-06-10|62903
HKD||42500|1470|2014-06-10|62903
HKD||42501|1471|2014-06-10|62903
HKD||42502|1472|2014-06-10|62903
USD||42503|1473|2014-06-10|62903
HKD||42504|1474|2014-06-10|62903
HKD||42505|1475|2014-06-10|62903
HKD||42506|1476|2014-06-10|62903
HKD||42507|1477|2014-06-10|62903
HKD||42508|1478|2014-06-10|62903
HKD||42509|1479|2014-06-10|62903
HKD||42510|1480|2014-06-10|62903
HKD||42511|1481|2014-06-10|62903
HKD||42512|1482|2014-06-10|62903
HKD||42513|1483|2014-06-10|62903
HKD||42514|1484|2014-06-10|62903
HKD||42515|1485|2014-06-10|62903
HKD||42516|1486|2014-06-10|62903
HKD||42517|1487|2014-06-10|62903
HKD||42518|1488|2014-06-10|62903
HKD||42519|1489|2014-06-10|62903
HKD||42520|1490|2014-06-10|62903
HKD||42521|1491|2014-06-10|62903
HKD||42522|1492|2014-06-10|62903
HKD||42523|1493|2014-06-10|62903
HKD||42524|1494|2014-06-10|62903
HKD||42525|1495|2014-06-10|62903
HKD||42526|1496|2014-06-10|62903
HKD||42527|1497|2014-06-10|62903
HKD||42528|1498|2014-06-10|62903
HKD||42529|1499|2014-06-10|62903
HKD||42530|1500|2014-06-10|62903
HKD||42531|1501|2014-06-10|62903
HKD||42532|1502|2014-06-10|62903
HKD||42533|1503|2014-06-10|62903
HKD||42534|1504|2014-06-10|62903
HKD||42535|1505|2014-06-10|62903
HKD||42536|1506|2014-06-10|62903
HKD||42537|1507|2014-06-10|62903
HKD||42538|1508|2014-06-10|62903
HKD||42539|1509|2014-06-10|62903
HKD||42540|1510|2014-06-10|62903
HKD||42541|1511|2014-06-10|62903
HKD||42542|1512|2014-06-10|62903
HKD||42543|1513|2014-06-10|62903
JPY||45577|1514|2014-06-10|62903
JPY||45578|1515|2014-06-10|62903
USD||45579|1516|2014-06-10|62903
JPY||45580|1517|2014-06-10|62903
JPY||45581|1518|2014-06-10|62903
JPY||45582|1519|2014-06-10|62903
USD||45583|1520|2014-06-10|62903
JPY||45584|1521|2014-06-10|62903
USD||45585|1522|2014-06-10|62903
JPY||45586|1523|2014-06-10|62903
JPY||45587|1524|2014-06-10|62903
USD||45588|1525|2014-06-10|62903
USD||45590|1526|2014-06-10|62903
JPY||45592|1527|2014-06-10|62903
JPY||45593|1528|2014-06-10|62903
JPY||45594|1529|2014-06-10|62903
USD||45595|1530|2014-06-10|62903
USD||45596|1531|2014-06-10|62903
JPY||45597|1532|2014-06-10|62903
USD||45893|1533|2014-06-10|62903
USD||45894|1534|2014-06-10|62903
USD||45944|1535|2014-06-10|62903
USD||45945|1536|2014-06-10|62903
USD||45946|1537|2014-06-10|62903
USD||45947|1538|2014-06-10|62903
USD||45948|1539|2014-06-10|62903
USD||45949|1540|2014-06-10|62903
USD||45950|1541|2014-06-10|62903
USD||45951|1542|2014-06-10|62903
USD||45952|1543|2014-06-10|62903
USD||45953|1544|2014-06-10|62903
USD||45954|1545|2014-06-10|62903
USD||45955|1546|2014-06-10|62903
USD||45956|1547|2014-06-10|62903
USD||45957|1548|2014-06-10|62903
USD||45958|1549|2014-06-10|62903
USD||45959|1550|2014-06-10|62903
USD||45960|1551|2014-06-10|62903
USD||45961|1552|2014-06-10|62903
USD||45962|1553|2014-06-10|62903
USD||45963|1554|2014-06-10|62903
USD||45964|1555|2014-06-10|62903
USD||45965|1556|2014-06-10|62903
USD||45967|1557|2014-06-10|62903
USD||45968|1558|2014-06-10|62903
USD||45969|1559|2014-06-10|62903
USD||45970|1560|2014-06-10|62903
USD||45971|1561|2014-06-10|62903
USD||45972|1562|2014-06-10|62903
USD||45973|1563|2014-06-10|62903
USD||45974|1564|2014-06-10|62903
USD||45975|1565|2014-06-10|62903
USD||45976|1566|2014-06-10|62903
USD||45977|1567|2014-06-10|62903
USD||45978|1568|2014-06-10|62903
USD||45979|1569|2014-06-10|62903
USD||45980|1570|2014-06-10|62903
USD||45981|1571|2014-06-10|62903
USD||45982|1572|2014-06-10|62903
USD||45983|1573|2014-06-10|62903
USD||45984|1574|2014-06-10|62903
USD||45985|1575|2014-06-10|62903
USD||45986|1576|2014-06-10|62903
USD||45987|1577|2014-06-10|62903
USD||45988|1578|2014-06-10|62903
USD||45989|1579|2014-06-10|62903
USD||45990|1580|2014-06-10|62903
USD||45991|1581|2014-06-10|62903
USD||45992|1582|2014-06-10|62903
USD||45993|1583|2014-06-10|62903
USD||45994|1584|2014-06-10|62903
USD||45995|1585|2014-06-10|62903
USD||45996|1586|2014-06-10|62903
USD||45997|1587|2014-06-10|62903
USD||45998|1588|2014-06-10|62903
USD||45999|1589|2014-06-10|62903
USD||46000|1590|2014-06-10|62903
USD||46001|1591|2014-06-10|62903
USD||46002|1592|2014-06-10|62903
USD||46003|1593|2014-06-10|62903
USD||46004|1594|2014-06-10|62903
USD||46005|1595|2014-06-10|62903
USD||46006|1596|2014-06-10|62903
USD||46007|1597|2014-06-10|62903
USD||46008|1598|2014-06-10|62903
USD||46009|1599|2014-06-10|62903
USD||46010|1600|2014-06-10|62903
JPY||49314|1601|2014-06-10|62903
HKD||49315|1602|2014-06-10|62903
HKD||49316|1603|2014-06-10|62903
HKD||49317|1604|2014-06-10|62903
HKD||49318|1605|2014-06-10|62903
HKD||49319|1606|2014-06-10|62903
HKD||49320|1607|2014-06-10|62903
HKD||49321|1608|2014-06-10|62903
HKD||49322|1609|2014-06-10|62903
HKD||49323|1610|2014-06-10|62903
HKD||49324|1611|2014-06-10|62903
HKD||49326|1612|2014-06-10|62903
HKD||49327|1613|2014-06-10|62903
HKD||49328|1614|2014-06-10|62903
HKD||49329|1615|2014-06-10|62903
JPY||49330|1616|2014-06-10|62903
HKD||49331|1617|2014-06-10|62903
HKD||49332|1618|2014-06-10|62903
HKD||49333|1619|2014-06-10|62903
HKD||49334|1620|2014-06-10|62903
HKD||49335|1621|2014-06-10|62903
HKD||49336|1622|2014-06-10|62903
HKD||49337|1623|2014-06-10|62903
HKD||49338|1624|2014-06-10|62903
HKD||49339|1625|2014-06-10|62903
HKD||49340|1626|2014-06-10|62903
HKD||49341|1627|2014-06-10|62903
HKD||49342|1628|2014-06-10|62903
HKD||49343|1629|2014-06-10|62903
HKD||49344|1630|2014-06-10|62903
HKD||49345|1631|2014-06-10|62903
HKD||49346|1632|2014-06-10|62903
HKD||49347|1633|2014-06-10|62903
HKD||49348|1634|2014-06-10|62903
HKD||49349|1635|2014-06-10|62903
HKD||49350|1636|2014-06-10|62903
HKD||49351|1637|2014-06-10|62903
HKD||49352|1638|2014-06-10|62903
HKD||49353|1639|2014-06-10|62903
HKD||49354|1640|2014-06-10|62903
HKD||49355|1641|2014-06-10|62903
HKD||49356|1642|2014-06-10|62903
HKD||49357|1643|2014-06-10|62903
HKD||49358|1644|2014-06-10|62903
HKD||49359|1645|2014-06-10|62903
JPY||52711|1646|2014-06-10|62903
USD||52712|1647|2014-06-10|62903
USD||52713|1648|2014-06-10|62903
USD||52993|1649|2014-06-10|62903
USD||52995|1650|2014-06-10|62903
USD||52997|1651|2014-06-10|62903
USD||52998|1652|2014-06-10|62903
USD||57003|1653|2014-06-10|62903
USD||57004|1654|2014-06-10|62903
JPY||57448|1655|2014-06-10|62903
JPY||57449|1656|2014-06-10|62903
JPY||57450|1657|2014-06-10|62903
JPY||57451|1658|2014-06-10|62903
JPY||57452|1659|2014-06-10|62903
JPY||57453|1660|2014-06-10|62903
USD||57454|1661|2014-06-10|62903
USD||57455|1662|2014-06-10|62903
EUR||57456|1663|2014-06-10|62903
USD||57457|1664|2014-06-10|62903
CHF||57458|1665|2014-06-10|62903
JPY||57459|1666|2014-06-10|62903
EUR||57460|1667|2014-06-10|62903
EUR||57461|1668|2014-06-10|62903
USD||57462|1669|2014-06-10|62903
EUR||57463|1670|2014-06-10|62903
EUR||57464|1671|2014-06-10|62903
USD||57465|1672|2014-06-10|62903
USD||57466|1673|2014-06-10|62903
EUR||57467|1674|2014-06-10|62903
USD||57468|1675|2014-06-10|62903
EUR||57469|1676|2014-06-10|62903
USD||57470|1677|2014-06-10|62903
EUR||57471|1678|2014-06-10|62903
EUR||57472|1679|2014-06-10|62903
USD||57473|1680|2014-06-10|62903
EUR||57474|1681|2014-06-10|62903
ZAR||57475|1682|2014-06-10|62903
USD||57476|1683|2014-06-10|62903
USD||57477|1684|2014-06-10|62903
USD||57478|1685|2014-06-10|62903
USD||57479|1686|2014-06-10|62903
HKD||57480|1687|2014-06-10|62903
USD||57481|1688|2014-06-10|62903
JPY||57482|1689|2014-06-10|62903
USD||57483|1690|2014-06-10|62903
CHF||57484|1691|2014-06-10|62903
HKD||57485|1692|2014-06-10|62903
CNY||57486|1693|2014-06-10|62903
USD||57487|1694|2014-06-10|62903
JPY||57488|1695|2014-06-10|62903
GBP||57489|1696|2014-06-10|62903
EUR||57490|1697|2014-06-10|62903
USD||57491|1698|2014-06-10|62903
JPY||57492|1699|2014-06-10|62903
USD||57493|1700|2014-06-10|62903
JPY||57494|1701|2014-06-10|62903
SGD||57495|1702|2014-06-10|62903
USD||57496|1703|2014-06-10|62903
USD||57497|1704|2014-06-10|62903
USD||57498|1705|2014-06-10|62903
EUR||57499|1706|2014-06-10|62903
USD||57500|1707|2014-06-10|62903
EUR||57501|1708|2014-06-10|62903
EUR||57502|1709|2014-06-10|62903
USD||57503|1710|2014-06-10|62903
USD||57504|1711|2014-06-10|62903
EUR||57505|1712|2014-06-10|62903
USD||57506|1713|2014-06-10|62903
EUR||57507|1714|2014-06-10|62903
USD||57508|1715|2014-06-10|62903
USD||57509|1716|2014-06-10|62903
HKD||57510|1717|2014-06-10|62903
USD||57511|1718|2014-06-10|62903
USD||57512|1719|2014-06-10|62903
USD||57513|1720|2014-06-10|62903
EUR||57514|1721|2014-06-10|62903
USD||57515|1722|2014-06-10|62903
SGD||57516|1723|2014-06-10|62903
USD||57517|1724|2014-06-10|62903
AUD||57518|1725|2014-06-10|62903
USD||57519|1726|2014-06-10|62903
USD||57520|1727|2014-06-10|62903
EUR||57521|1728|2014-06-10|62903
AUD||57522|1729|2014-06-10|62903
AUD||57523|1730|2014-06-10|62903
USD||57524|1731|2014-06-10|62903
USD||57525|1732|2014-06-10|62903
HKD||57526|1733|2014-06-10|62903
EUR||57527|1734|2014-06-10|62903
USD||57528|1735|2014-06-10|62903
USD||57550|1736|2014-06-10|62903
JPY||57551|1737|2014-06-10|62903
JPY||57552|1738|2014-06-10|62903
CHF||59528|1739|2014-06-10|62903
CHF||59529|1740|2014-06-10|62903
CHF||59530|1741|2014-06-10|62903
CHF||59532|1742|2014-06-10|62903
CHF||59533|1743|2014-06-10|62903
CHF||59534|1744|2014-06-10|62903
CHF||59535|1745|2014-06-10|62903
CHF||59536|1746|2014-06-10|62903
CHF||59537|1747|2014-06-10|62903
CHF||59538|1748|2014-06-10|62903
CHF||59539|1749|2014-06-10|62903
CHF||59540|1750|2014-06-10|62903
CHF||59541|1751|2014-06-10|62903
CHF||59542|1752|2014-06-10|62903
CHF||59543|1753|2014-06-10|62903
CHF||59544|1754|2014-06-10|62903
CHF||59545|1755|2014-06-10|62903
CHF||59546|1756|2014-06-10|62903
CHF||59547|1757|2014-06-10|62903
CHF||59548|1758|2014-06-10|62903
CHF||59549|1759|2014-06-10|62903
CHF||59550|1760|2014-06-10|62903
CHF||59551|1761|2014-06-10|62903
CHF||59552|1762|2014-06-10|62903
CHF||59553|1763|2014-06-10|62903
CHF||59554|1764|2014-06-10|62903
CHF||59555|1765|2014-06-10|62903
CHF||59556|1766|2014-06-10|62903
CHF||59557|1767|2014-06-10|62903
CHF||59558|1768|2014-06-10|62903
CHF||59559|1769|2014-06-10|62903
CHF||59560|1770|2014-06-10|62903
CHF||59561|1771|2014-06-10|62903
CHF||59562|1772|2014-06-10|62903
USD||59796|1773|2014-06-10|62903
HKD||59825|1774|2014-06-10|62903
HKD||59826|1775|2014-06-10|62903
HKD||59827|1776|2014-06-10|62903
HKD||59828|1777|2014-06-10|62903
HKD||59830|1778|2014-06-10|62903
HKD||59831|1779|2014-06-10|62903
HKD||59832|1780|2014-06-10|62903
HKD||59833|1781|2014-06-10|62903
HKD||59834|1782|2014-06-10|62903
HKD||59835|1783|2014-06-10|62903
HKD||59836|1784|2014-06-10|62903
HKD||59837|1785|2014-06-10|62903
HKD||59838|1786|2014-06-10|62903
HKD||59839|1787|2014-06-10|62903
HKD||59840|1788|2014-06-10|62903
HKD||59841|1789|2014-06-10|62903
HKD||59842|1790|2014-06-10|62903
HKD||59843|1791|2014-06-10|62903
HKD||59844|1792|2014-06-10|62903
HKD||59845|1793|2014-06-10|62903
HKD||59846|1794|2014-06-10|62903
HKD||59847|1795|2014-06-10|62903
HKD||59848|1796|2014-06-10|62903
HKD||59849|1797|2014-06-10|62903
HKD||59850|1798|2014-06-10|62903
HKD||59851|1799|2014-06-10|62903
CAD||59904|1800|2014-06-10|62903
USD||59905|1801|2014-06-10|62903
CAD||59906|1802|2014-06-10|62903
USD||59907|1803|2014-06-10|62903
USD||59909|1804|2014-06-10|62903
EUR||59910|1805|2014-06-10|62903
EUR||59911|1806|2014-06-10|62903
EUR||59912|1807|2014-06-10|62903
HKD||59913|1808|2014-06-10|62903
HKD||59914|1809|2014-06-10|62903
EUR||59915|1810|2014-06-10|62903
CHF||59916|1811|2014-06-10|62903
CAD||59917|1812|2014-06-10|62903
INR||59918|1813|2014-06-10|62903
KRW||59919|1814|2014-06-10|62903
EUR||59920|1815|2014-06-10|62903
INR||59921|1816|2014-06-10|62903
USD||59922|1817|2014-06-10|62903
USD||59923|1818|2014-06-10|62903
JPY||59924|1819|2014-06-10|62903
HKD||59925|1820|2014-06-10|62903
JPY||59926|1821|2014-06-10|62903
HKD||59927|1822|2014-06-10|62903
BRL||59928|1823|2014-06-10|62903
JPY||59929|1824|2014-06-10|62903
HKD||59930|1825|2014-06-10|62903
EUR||59931|1826|2014-06-10|62903
HKD||59932|1827|2014-06-10|62903
JPY||59933|1828|2014-06-10|62903
EUR||59934|1829|2014-06-10|62903
JPY||59935|1830|2014-06-10|62903
USD||59936|1831|2014-06-10|62903
EUR||59937|1832|2014-06-10|62903
JPY||59938|1833|2014-06-10|62903
USD||59939|1834|2014-06-10|62903
HKD||59940|1835|2014-06-10|62903
SEK||59941|1836|2014-06-10|62903
JPY||59942|1837|2014-06-10|62903
EUR||59943|1838|2014-06-10|62903
AUD||59944|1839|2014-06-10|62903
SGD||59945|1840|2014-06-10|62903
INR||59946|1841|2014-06-10|62903
EUR||59947|1842|2014-06-10|62903
INR||59948|1843|2014-06-10|62903
INR||59949|1844|2014-06-10|62903
EUR||59950|1845|2014-06-10|62903
USD||59951|1846|2014-06-10|62903
USD||61702|1847|2014-06-10|62903
USD||61703|1848|2014-06-10|62903
USD||61704|1849|2014-06-10|62903
